"pear_id","tree_id","ecotr_id","species","climate","week_5","week_6","week_7","week_8","week_9","week_10","week_11","week_12","week_13","week_14","week_15","week_16","week_17","week_18","week_19","week_20","week_21","week_22","week_23","week_24"
1,1,1,"Conference","Scenario 1",3.693859920748,3.94258959174105,4.58782395058055,4.99535315893461,5.51595171630024,5.88903295651961,5.97914204813876,6.06925113975791,6.19887422250425,7.06118190462669,7.357663580257,7.57016611888203,7.73643862596721,7.90271113305239,8.12806475567933,8.49961422670118,8.74729967589456,9.29313276912995,NA,NA
2,1,1,"Conference","Scenario 1",4.09453962439424,4.30384360408262,4.66470614293258,5.20439277999293,5.83836458982129,5.98984747795029,6.18273386395503,6.37562024995977,6.61049211648212,6.82087193653604,7.76368709146105,8.02933738403045,8.29498767659986,8.56063796916926,8.79224204885113,8.83997094971842,8.88769985058571,9.48731310779621,9.82483729317693,10.1907633084261
3,1,1,"Conference","Scenario 1",3.51464904880419,4.09279931810386,4.47252057500342,4.74248073241453,5.01244088982563,5.25150394590409,5.49097888629538,5.90226768260078,6.31355647890619,6.57136429627267,6.82917211363915,7.08697993100563,7.65677664766653,7.69058244760872,7.72438824755092,7.75819404749311,7.92162871841445,8.37962967669412,8.59876921597724,8.95537516008809
4,1,1,"Conference","Scenario 1",3.55667159443522,4.1241751433229,4.60821167077048,4.8852556567373,5.12055801381136,5.61371611970377,5.83165341939268,6.685997222504,6.71795741089331,6.74991759928262,6.78187778767192,6.81383797606123,6.92065994315818,7.23904613913714,7.56492199290627,8.02672492719564,8.488527861485,8.86934548589902,8.86934548589902,8.86934548589902
5,1,1,"Conference","Scenario 1",4.0196083666123,4.25715185217653,4.70148379035866,4.8846265584624,5.37435109583068,5.47719098433502,5.67643083125996,5.78352237947354,6.58183685707048,6.7244969036158,6.86715695016112,6.89026495402451,7.66300736333219,7.99310544060535,8.3232035178785,8.88555957800225,8.96254482394144,9.48021362311529,9.91694132860454,10.3536690340938
6,1,1,"Conference","Scenario 1",4.07480906618613,4.07808978898652,4.08137051178692,4.63753668603026,5.59086123032015,5.65418322607844,6.11203205243452,6.56988087879059,6.92292074264881,7.27596060650704,7.57751474049069,7.87906887447433,7.98972052929164,8.10037218410896,8.21102383892627,9.26441286333715,9.66120321244305,10.057993561549,10.057993561549,10.057993561549
7,1,1,"Conference","Scenario 1",4.05100175880492,4.18183262461895,4.49659257512293,4.85997019813,5.0213861957337,5.18280219333739,5.49170455933458,6.14204135205621,6.42021084071324,6.69838032937027,6.9765498180273,7.0278360089437,7.07912219986011,7.3998394813435,8.00286852132864,8.16926317400954,8.84274415085581,8.87229755212516,8.95653075322873,9.44143434085773
8,1,1,"Conference","Scenario 1",4.11622462335232,4.44589987139977,4.77557511944723,5.01785270108459,NA,NA,NA,NA,NA,NA,NA,NA,NA,NA,NA,NA,NA,NA,NA,NA
9,1,1,"Conference","Scenario 1",3.54514020148667,3.906564654527,4.46385343372896,4.74511648324529,5.02637953276162,5.43191150484287,5.78462081622098,6.13733012759909,6.47178741998421,6.73708310493274,6.93802787897198,7.05778917471919,7.17755047046639,7.36449265631149,7.85450240517148,8.2374651738258,8.42914767407492,8.62083017432404,9.46375874003323,9.46375874003323
10,1,1,"Conference","Scenario 1",3.93390652998546,4.44085852223806,4.53180818047662,4.62275783871517,5.80475239533425,5.80988627381035,5.81502015228645,5.82015403076256,6.37533443764521,6.53318427510732,6.69103411256943,7.07619333603926,7.97930401878953,8.0690634886293,8.15882295846906,8.34639181218424,8.53396066589942,8.81993972389606,9.61657471716782,9.61657471716782
11,1,1,"Conference","Scenario 1",3.98479031691725,4.9481098681877,5.18315748329759,5.26432196921524,5.34548645513288,5.42665094105053,5.5938824898019,5.79456865309776,6.61067652312071,7.03962072866029,7.2810665455056,7.52251236235092,7.5854511543562,8.01977587708271,8.43364459381733,8.44921844489109,8.45933730020016,9.27564963604199,9.35309936221948,9.43054908839698
12,1,1,"Conference","Scenario 1",4.21048075382252,4.36919764511815,4.69468759063449,5.02017753615083,5.74635983813852,6.24820869492902,6.34146047791235,6.71217405649,7.08288763506766,7.31893444565167,7.53224108687462,7.74554772809756,7.9092731275108,8.07299852692403,8.42749135098672,8.60686916939598,9.46603089555349,9.81616017649118,10.130183670556,10.130183670556
13,1,1,"Conference","Scenario 1",3.90124414840506,4.18785773663584,4.57717158217047,5.38671853543882,5.71749068400428,5.94531193089029,6.17313317777629,6.40095442466229,6.74754486375409,7.09413530284589,7.60284774123445,7.74326483061982,7.88368192000519,8.66526676289412,8.96781111913014,9.27035547536616,9.47878794053597,9.79292719848287,10.0525030672531,10.3120789360233
14,1,1,"Conference","Scenario 1",2.75290924189576,4.10444226488458,4.29136518948897,4.69397364434387,4.94774865442535,5.39627748653632,5.84480631864729,6.07168855655241,6.29857079445753,6.57279585511871,6.70508123691534,7.09898248906773,7.55917012814043,7.64215785533347,7.72514558252651,8.15248085228911,8.39036036276456,8.89294388028951,9.31292693585659,9.83281650034654
15,1,1,"Conference","Scenario 1",3.72434903115488,4.26464738824871,4.61996446589903,5.1216604605021,5.62335645510517,5.83021518749831,6.03707391989145,6.24393265228459,6.42315352903427,6.60237440578395,6.99642932419604,7.39048424260812,7.68210315349924,8.43849154827262,8.47579841409316,8.51310527991368,9.24868275865291,9.4008539178657,9.55302507707849,9.69406916126499
16,1,1,"Conference","Scenario 1",3.87657556527161,4.72751180109834,4.97795981337836,5.24284053820781,5.3792795226564,5.515718507105,5.81316195566718,6.11060540422937,6.30807131612641,6.91219057545908,7.22768380146109,7.72460446525765,8.47277829222536,8.62884402325046,8.78490975427556,9.10259861149853,9.53338340956837,9.96416820763822,9.96416820763822,9.96416820763822
17,1,1,"Conference","Scenario 1",3.90730063773078,4.74595294094203,4.98600404467391,5.22605514840579,5.5005341038313,5.77501305925681,5.96229361636871,6.14957417348061,6.32377017231494,6.49796617114927,6.58017798601242,7.37184695908542,7.65035422642218,7.92886149375894,8.59504457201128,8.66189979723168,8.72875502245208,8.85531570790026,9.03878239069441,9.76064225872659
18,1,1,"Conference","Scenario 1",4.38229895414623,4.5945892061099,4.80687945807357,5.01916971003725,5.20536470308329,5.50073971713289,5.95048377107569,6.40022782501849,6.56634257178851,6.73245731855851,7.36827233858988,7.54867051364538,7.72906868870088,8.67654021614296,8.69819923809515,8.71985826004734,8.74151728199953,9.44796645443927,9.47480197078652,9.50163748713377
19,1,1,"Conference","Scenario 1",4.40699478154842,4.49589042535835,4.58478606916827,4.60057707055225,5.53535882489426,5.61786252042039,5.70036621594652,6.16348346963436,6.80019565084244,6.81908114213341,6.83796663342438,7.54743179789975,7.59786432263073,7.64829684736172,8.44190524984038,8.54385116463003,8.61698128037854,9.3931004720237,9.6331479744752,9.6331479744752
20,1,1,"Conference","Scenario 1",4.02347727740756,4.92198472832295,4.96065471485602,5.0209582659921,5.08126181712818,5.24869677359507,5.36404744169872,6.0823255411211,6.47727575641091,6.87222597170071,6.99581684398924,7.35054276286893,7.62301235459371,8.14020246128365,8.65739256797359,8.73528600505066,8.81219657238045,8.88910713971023,9.4127390708985,9.4127390708985
21,1,1,"Conference","Scenario 1",3.61888255072824,4.37569482720813,4.43133136746687,4.48696790772561,5.33513336325379,5.58183580906965,5.8285382548855,6.07524070070136,6.71226248778233,6.78118664834609,6.85011080890985,6.91903496947362,7.35091436678163,7.54021786183374,8.07805781414767,8.08864353871121,8.33130341174555,8.97395859092301,9.39940870838286,9.39940870838286
22,1,1,"Conference","Scenario 1",4.39133628723789,4.48338610991915,4.57543593260041,4.95737449332726,5.33931305405411,5.68592159650477,5.77390483348307,5.86188807046138,6.52797255735293,7.21531990157136,7.25110724078112,7.28689457999088,7.32268191920064,8.20992565183905,8.35074837805863,8.49157110427821,8.96997130880692,9.57697815936982,9.74096045355777,10.0572305562056
23,1,1,"Conference","Scenario 1",3.93375271177116,4.04185106552893,4.1499494192867,5.12772332657352,5.30304142994483,5.47835953331614,5.50140888294507,5.524458232574,5.84956120538355,6.35497863964973,6.81533887720412,7.6427971602145,7.8416739696228,8.04055077903109,8.21790157482939,8.39525237062769,8.55149102848137,8.62018909796538,9.31197393685759,9.31197393685759
24,1,1,"Conference","Scenario 1",3.60744058999344,4.3946776574324,4.73471745573056,5.06341501484769,5.39211257396483,5.72081013308197,5.88853408908722,5.89649263340628,5.90445117772533,6.13906835871829,6.37368553971126,6.83072314363282,7.01859981194704,7.70002977917462,8.14855872489236,8.59708767061011,8.66948870481938,8.74188973902865,8.81429077323792,8.88669180744719
25,2,1,"Doyenne","Scenario 1",3.54825268136904,3.56591133096713,3.58356998056521,3.60122863016329,3.61888727976138,4.55381729608025,4.67189194315592,4.78996659023159,4.90804123730725,4.94026668063579,5.39620292931624,5.74730004461835,6.09839715992045,6.15235219903474,6.20630723814903,7.01349447018681,7.31990346473757,7.62631245928834,7.9327214538391,8.12025652072146
26,2,1,"Doyenne","Scenario 1",3.19746302928624,3.79080292604201,4.24033523472863,4.25172040820679,4.26310558168495,4.61359575130053,4.96408592091611,5.23970399237469,5.51532206383326,5.58079679260767,6.37213111684029,6.48598231139581,6.59983350595133,6.71368470050684,6.88903118560662,7.16070268097542,7.45988218357059,7.84400505506727,8.0324535895038,8.19204044969599
27,2,1,"Doyenne","Scenario 1",3.08927756533742,3.69895623168744,3.80793078470666,3.88976604270781,4.38681001093041,4.883853979153,5.12616331117958,5.36847264320615,5.61078197523273,5.8530913072593,6.08232312077597,6.31155493429265,6.37837527717118,6.44519562004971,6.57100326658783,6.69681091312594,7.26793968646119,7.35014361403591,7.73948551044569,8.18985701911211
28,2,1,"Doyenne","Scenario 1",2.89143033872198,2.92781757246927,3.93910854113373,3.97312538336794,4.00714222560215,4.18713993054353,4.78645489245469,5.12040606714238,5.1474043210495,5.31111829602914,5.93771499836368,6.03507274376292,6.13243048916216,6.30215474608959,6.47187900301702,6.64160325994446,7.30324474756826,7.68845910481257,7.68932744919042,7.69019579356827
29,2,1,"Doyenne","Scenario 1",2.94500808643362,4.06869570773168,4.21276480297567,4.35683389821966,4.50090299346364,4.70033845615709,4.89977391885053,5.09920938154398,5.34203176382157,5.58485414609916,5.82767652837675,6.04222092101045,6.25676531364415,6.51880411241007,6.53134600044614,6.80580991951174,7.08027383857733,7.08393379564371,7.31457878686424,7.54522377808477
30,2,1,"Doyenne","Scenario 1",3.57979648787106,3.82580661121532,4.07181673455959,4.31782685790385,4.32246387548835,4.32710089307285,4.81712594914602,4.84000019112212,5.06695804535313,5.39054653664441,5.4251105066752,5.83988567335516,6.46465291803011,6.64728253970146,6.82991216137281,7.01254178304416,7.15399517533652,7.37080955730467,7.56917465188947,7.76753974647427
31,2,1,"Doyenne","Scenario 1",3.23864469571188,3.57712614214778,3.66249892331843,3.74787170448908,4.10427162098411,4.33068825586726,4.5571048907504,4.91642970477018,5.27575451878996,5.55153319181562,5.82731186484128,5.8283073039042,5.82930274296712,6.20316055424527,6.57701836552341,6.78525253625085,6.99348670697829,7.31888393386725,7.48852160657042,7.65815927927359
32,2,1,"Doyenne","Scenario 1",3.14286633618185,3.2731421829027,3.84771773420089,4.0601151563948,4.44343822034996,4.48011862221893,4.5167990240879,4.89960124768329,4.94931598923715,5.76109175805818,NA,NA,NA,NA,NA,NA,NA,NA,NA,NA
33,2,1,"Doyenne","Scenario 1",3.34213147459904,3.6867093843474,3.92042255402265,4.25674021390164,4.62492665399088,4.91717644973094,5.209426245471,5.27430668205051,5.33918711863002,5.69119852522329,6.04320993181656,6.12480682947855,6.20640372714053,6.28800062480251,7.01756520308645,7.26801040753652,7.51845561198659,7.75437919638514,7.99030278078368,7.99030278078368
34,2,1,"Doyenne","Scenario 1",3.18758069861635,3.24914771587228,3.31071473312822,3.92742172305379,4.06946075377784,4.0826846770689,4.66672242952615,5.07693683440042,5.4871512392747,5.51705869406792,5.54696614886115,5.57687360365437,5.91852649336966,6.45816112476341,6.6093997863483,6.76063844793319,7.01526894103199,7.30744209058663,7.59961524014127,7.95465820117754
35,2,1,"Doyenne","Scenario 1",2.79309729731766,3.55544063883618,3.65677360181345,3.75810656479072,3.90473502378312,4.11044468599629,4.8311503265483,4.95822249446407,5.04391768768139,5.46791848389282,5.5678375132267,5.66775654256059,5.88052142435807,6.04545996740903,6.24494764545004,6.77843326122595,6.98793458380345,7.19743590638096,7.51950990513478,7.51950990513478
36,2,1,"Doyenne","Scenario 1",3.65670860410106,4.26972809030612,4.37623983253352,4.48275157476091,4.58926331698831,4.72422023647399,4.85917715595967,4.99413407544535,5.12909099493103,5.59441222527233,NA,NA,NA,NA,NA,NA,NA,NA,NA,NA
37,2,1,"Doyenne","Scenario 1",3.39620541606996,3.42225900909216,3.44831260211435,3.47436619513655,4.44466482246249,4.50340704516929,4.56214926787609,4.62089149058289,4.6796337132897,4.86692602469252,5.05421833609534,5.64763013289283,5.67419571180963,5.70076129072643,6.2603933233518,6.4215301039924,7.01037585277314,7.15677710339033,7.30317835400753,7.44957960462472
38,2,1,"Doyenne","Scenario 1",2.89372160616034,3.81497560860601,3.91194077217501,4.008905935744,4.10587109931299,4.21053778689652,4.48034182933411,4.93436316709442,5.38838450485474,5.42644177733936,5.46449904982398,5.5025563223086,5.82993408137279,6.15731184043698,6.29902596020371,6.35075304034811,7.14534279207052,7.27146983262036,7.39759687317019,7.52372391372003
39,2,1,"Doyenne","Scenario 1",2.93266446255501,3.2028271082337,3.85821679396878,4.12176982221532,4.38532285046185,4.48752514275088,4.52782218625175,4.69692112151471,4.86602005677767,5.26657334086656,5.49369991648375,5.66876415558858,6.36165114325436,6.59915482144435,7.16485349434842,7.1751484028695,7.18544331139058,NA,NA,NA
40,2,1,"Doyenne","Scenario 1",3.42486373308115,3.60091079389881,3.77695785471647,3.95300491553413,4.83044643639342,4.9241557105888,4.92756479649193,4.98386642833365,5.77686411816174,5.89534312745158,6.01382213674142,6.74302539957184,6.75038175107845,6.75773810258507,6.76509445409168,7.24232555366772,7.55024082387121,7.8581560940747,8.23051073215884,8.60286537024298
41,2,1,"Doyenne","Scenario 1",3.17575716131571,3.5595280692601,3.9432989772045,4.12936006673872,4.31542115627293,4.54368928535649,4.81201797714572,5.0460669028091,5.36509944007372,5.50931818563498,6.36638146607265,6.43250236857711,6.49862327108156,6.56474417358601,6.63086507609047,7.2620662616133,7.58684960877646,7.99797007144893,8.40909053412139,8.82021099679386
42,2,1,"Doyenne","Scenario 1",3.01642464395717,3.58473959746444,3.98358033450241,4.51888227598772,4.71439384628864,5.26150469746724,5.30413968675506,5.34677467604289,5.38940966533071,5.65078482990187,5.91215999447303,6.34365416943765,6.83061246907626,6.85935032810252,6.88808818712878,7.36116849387281,7.50224438412247,7.64332027437213,7.7843961646218,8.3503759765038
43,2,1,"Doyenne","Scenario 1",3.33620990448428,3.38932994194292,3.47382928168722,3.72725396248268,4.33664721631061,4.86593467527443,5.08415355712209,5.22285216472061,5.2550721159264,5.46272700282744,6.14157031689128,6.36749338415705,6.59341645142281,6.71816808144464,6.84291971146648,7.36716874555689,7.62915165157523,7.6336604785786,8.01217035275323,8.37685462312022
44,2,1,"Doyenne","Scenario 1",3.21236910008218,3.3399393680756,4.56271227235989,4.56483607075392,4.56695986914795,4.61722479892385,4.66748972869976,4.71775465847566,5.75382665914397,5.8434136020222,5.8985950118078,5.9537764215934,6.90763989970891,6.98354978032333,7.05945966093776,7.13536954155218,7.21127942216661,7.96528654769297,8.01553621657831,8.06578588546364
45,2,1,"Doyenne","Scenario 1",3.02488142268087,3.04438556673309,3.79003993049501,3.9600469109773,4.14761687394003,4.50837253239131,4.99941601047277,5.04839091989947,5.09736582932617,5.14634073875287,5.47316951599937,5.52553994285776,6.0156471159996,6.33541669837565,6.490154481815,6.66887529328196,6.98886636144957,7.30885742961718,7.56032763491988,7.9689943006078
46,2,1,"Doyenne","Scenario 1",3.65350693070542,3.77350749364618,3.89350805658694,4.0135086195277,4.23267420394789,4.62832323808089,4.98584292890223,5.04177630417095,5.55220365796005,5.82615461525212,6.10010557254419,6.27639578845949,6.4526860043748,6.6289762202901,6.8535424924162,7.1230012300143,7.39245996761239,7.79205129149556,7.88518433077414,7.97831737005271
47,2,1,"Doyenne","Scenario 1",3.33439349208203,3.51914131638331,3.7038891406846,3.84257326029237,3.97984115796391,4.10812649739041,4.77184744760175,5.26322996509991,5.57562763311035,5.6886913996593,5.79663483912056,5.90457827858181,5.97783789916609,6.48607432758859,6.72405103012026,7.28010026339646,7.34879360122444,7.41748693905243,7.67771085298513,8.40395173664662
48,2,1,"Doyenne","Scenario 1",3.00424709678521,3.67186339377123,3.82686438232905,3.98186537088687,4.13686635944469,4.48842840120323,4.83999044296177,4.86323724679169,4.88648405062162,4.90973085445154,NA,NA,NA,NA,NA,NA,NA,NA,NA,NA
49,2,1,"Doyenne","Scenario 1",2.92441822254326,3.35813574122653,4.55591748441194,4.67159113457037,4.78726478472881,4.90293843488724,5.01861208504567,5.12772055951628,5.49043441108446,5.85314826265265,6.48357114808332,6.54501787402361,6.60646459996389,6.66791132590418,7.04313957224523,7.22555068582285,7.27793676087952,7.51435857346571,8.05789417757182,8.31219797838584
50,3,2,"Conference","Scenario 2",4.39648633177912,4.55514001997424,4.71379370816935,4.94156605788205,4.99251785774313,5.22136060943613,5.36785066982938,6.13211564378109,6.51766484948079,6.76958004312394,7.02149523676709,7.47186893367062,7.74790189353134,7.92339374715272,8.27612990290651,8.6797654231228,9.06927573500321,9.37924315911571,9.88078687591011,10.3823305927045
51,3,2,"Conference","Scenario 2",4.40908613389273,4.45514118691573,5.37487390830541,5.52899218592984,5.68311046355427,6.38594312401652,6.50704406516738,6.62814500631825,7.57448521709315,7.59323422703063,8.29139669862087,8.64622621645897,9.00105573429707,9.18562358469403,9.2829060355758,9.41851491599426,9.43391727275161,10.2825348680314,10.577575912284,10.9596704433252
52,3,2,"Conference","Scenario 2",4.23756061868495,4.63732861170291,4.72289065499216,5.18940180632806,5.51247595283546,5.69717728721846,6.20594602860478,6.84347787603173,6.97283376638863,7.10218965674553,8.05531421462074,8.11269384726986,8.17007347991897,8.64888133048483,9.12768918105069,9.23381756956886,9.58724048050019,10.0908188576438,10.1915981649403,11.2490438635869
53,3,2,"Conference","Scenario 2",3.69042579411071,4.68281180758266,4.93495897675487,5.22970287756522,5.565904435139,6.17453990209068,6.78317536904236,7.0967405331799,7.41030569731744,7.72387086145498,7.83109651841181,7.93832217536864,7.99560191641074,8.85798806484991,9.02698912594635,9.52670984639291,9.53178091131942,10.4809576020544,10.6423080816279,10.8036585612013
54,3,2,"Conference","Scenario 2",4.89950803171341,5.02144548007042,5.14338292842744,5.26532037678445,5.50821342931255,5.63782603736606,6.31061977512878,6.99257332122634,7.05478614643349,7.11699897164064,7.285900847674,7.90177172651993,8.72991852397315,9.11960698594205,9.50929544791094,9.89898390987984,10.2886723718487,10.2987025391811,10.3087327065134,10.3087327065134
55,3,2,"Conference","Scenario 2",4.09909083940835,5.04105908445943,5.16117244845566,5.73224117874871,5.89345612361776,6.05467106848681,6.84502703871207,7.33575576429336,7.42618052082415,7.64831384805631,7.9175024852886,8.25534895297453,8.82718007657652,9.56803585138579,9.84169953889853,10.1153632264113,10.3737988840574,10.9293017654216,10.9653703877179,11.0014390100143
56,3,2,"Conference","Scenario 2",4.03459755113852,4.56989044059424,4.69190523391829,4.98428354565431,5.36415954843501,5.84620847584625,6.13606475140191,7.14933734010959,7.1958293511473,7.24232136218501,7.31992565815963,8.09021262419993,8.48658064734573,8.88294867049152,9.11877609126978,9.90282055119949,10.0861424347476,10.4988464658914,10.9115504970352,10.9115504970352
57,3,2,"Conference","Scenario 2",4.10185696252803,4.24912845955734,4.84002836882968,5.58574340766478,5.72850712385229,5.87127084003981,6.18399490887266,6.44739404167074,6.71079317446883,7.63890816994426,7.81581055315826,7.99271293637226,8.03805609188146,8.08339924739066,8.57045665812036,9.69398272599235,9.90219956720599,10.1104164084196,10.1251885609381,10.2961773771914
58,3,2,"Conference","Scenario 2",4.34525998356887,4.44872831490987,4.69439082791572,5.32557167853601,5.72065372953313,6.11573578053026,6.7377419157092,6.8389630095219,7.09573438960503,7.16876952718497,7.32676191576669,8.18210610928981,8.44924730053236,8.92399166145931,9.83625589190122,9.9539895039826,10.449528889937,10.9089686099658,10.938161365513,10.9673541210602
59,3,2,"Conference","Scenario 2",4.43398094765838,4.58225888874078,4.59276926112676,4.60327963351273,5.1914805007689,5.7805624922332,6.11126182801397,6.49626308878655,6.69393618737074,7.21234584482524,8.13263496804943,8.24148616424326,8.35033736043709,8.92027184923369,9.34045646054273,9.35067105253485,9.68680224358281,9.86695583208454,10.6289050220362,11.0233518119243
60,3,2,"Conference","Scenario 2",3.63540441940459,4.45993245878595,5.35572728959856,6.03136829599482,6.14213783562158,6.25290737524834,6.36367691487511,6.51277281734373,7.18872559808697,7.37516705446529,7.87127993256328,8.36739281066128,8.68829018308265,9.24626666804223,9.4941073212599,9.87443661620948,10.2547659111591,10.3704824995307,10.6186529288975,10.9400095707691
61,3,2,"Conference","Scenario 2",4.00384985203017,5.05428860959015,5.09641738411475,5.89585417986829,6.26378978910416,6.74584120125573,7.22789261340731,7.70994402555888,7.92050617153022,8.13106831750157,8.29186894263054,8.4526695677595,9.14261182049842,9.49416786289533,9.84572390529224,10.0331836095462,10.2206433138002,10.4081030180542,10.7519768536253,11.5892219208636
62,3,2,"Conference","Scenario 2",4.37187381135515,4.62539409040636,4.87891436945756,5.38239306982504,5.47516099026693,5.56792891070882,6.01432256621203,6.2449969668296,6.7233194177369,6.90132415451772,7.50615941871254,7.91975338342887,8.48547678122895,8.9669294842198,8.97316851981577,8.97940755541174,8.99928462206123,9.63972614179401,10.1169958403974,10.5942655390008
63,3,2,"Conference","Scenario 2",4.70944944341763,4.75486895024266,4.80028845706769,4.96882495619361,5.21600715183421,5.68013575617008,5.90186866344799,6.1236015707259,6.50369486060409,7.57136998487132,7.8735157441577,8.17566150344408,8.47780726273047,8.5393348299278,8.9712653770055,9.09838939723904,9.74249414170384,9.98673997922687,10.726329124969,10.798611643323
64,3,2,"Conference","Scenario 2",4.10952909099738,4.81861582511525,5.21739027804933,5.83628322026275,6.41419704714508,6.47646355833015,6.53873006951523,6.91475022165179,6.93756985450246,7.82573034746402,7.87417308406002,8.28386229954561,9.24716135727259,9.40428033660337,9.56139931593416,10.0316964549689,10.7170073940013,10.7480390747551,10.7631337261322,11.7008422963701
65,3,2,"Conference","Scenario 2",3.70218499962033,4.51128314834608,4.801143808227,5.12368640577346,5.37135122533021,6.01863706297168,6.31341414697227,6.60819123097286,6.83335038164467,7.00156494196787,7.38765727219727,7.88200287135973,8.10784322118355,8.17668472876839,8.88618029789331,9.10901787273048,9.33185544756765,10.1038892430272,10.3078083133518,10.5689911003583
66,3,2,"Conference","Scenario 2",4.27616547327282,4.60049495729654,5.45025043919799,5.90450151661805,5.9539311660593,6.00336081550054,6.23713803030271,6.53574340883877,7.39597483844044,7.82716646889992,8.2583580993594,8.76703600981732,9.27571392027524,9.45219044754749,9.62866697481975,10.0806339730348,10.2868701071462,11.0127383613849,11.0981096222841,11.1834808831834
67,3,2,"Conference","Scenario 2",3.8390178790814,4.45950759323442,5.11751221164578,5.19684687890079,5.43882343099576,5.68079998309073,6.16260065237759,6.64440132166446,7.12240920306841,7.38008992600086,7.69770875729827,7.98013627833944,8.14311413792709,8.53988121430562,8.93664829068414,9.24898370276904,9.51328465895021,9.77758561513138,10.1864432256092,10.5026906985636
68,3,2,"Conference","Scenario 2",3.66670831318816,4.35138318051273,4.81562565535091,5.11452463889012,5.41342362242933,5.80362115159543,6.15706337322483,6.34494638283134,6.72894373566677,6.93192402269687,7.56402126506768,7.65079671320173,8.02544133210005,8.36480486752477,9.04068344583322,9.20251623454161,9.35631492215841,9.90605536670485,10.1688889009337,10.1688889009337
69,3,2,"Conference","Scenario 2",4.31689896837087,4.47042161716203,4.93763983861299,5.73730376690167,6.04962569781753,6.36194762873339,6.39104096566406,6.42013430259473,6.94461236835047,7.77055535011186,7.78436267298858,8.2606484771519,8.73693428131521,9.05620120772033,9.6844786531053,9.85274327628635,9.9189671314694,10.7241705594991,10.9503536983248,11.3621680005832
70,3,2,"Conference","Scenario 2",4.54967132292539,4.93331931386286,5.06944242646569,5.20556553906851,5.5959590846846,6.1677229408762,6.18693884635254,6.20615475182889,7.02380513915189,7.38669525143551,7.4082093918797,8.05220713016537,8.25187751850571,8.45154790684605,9.05770886696506,9.61800120227254,9.72568184956528,9.93553760953078,10.0569946036962,10.6515973805794
71,4,2,"Doyenne","Scenario 2",3.8863279432149,4.21541361245202,4.54449928168915,4.59551989485034,4.64654050801153,5.11041989982259,5.16668025681294,5.9422028595087,6.24152492107772,6.54084698264675,6.66682135730721,6.95993959398441,7.09196734037987,7.82247052162343,7.96389544545275,8.10532036928207,8.41143757273363,8.71755477618518,8.77292718844654,9.61406931130142
72,4,2,"Doyenne","Scenario 2",3.70940970312784,4.00127600990852,4.33134954323095,4.51532523770329,4.67534770630261,5.44870676603089,5.95496222289965,5.9869743673902,6.01898651188075,6.43964943526326,6.75045353018044,6.88972344711686,7.02899336405328,7.73672798116456,8.36647833239107,8.58619719899032,8.80591606558958,9.38433055667039,9.51307738211743,9.96429101136734
73,4,2,"Doyenne","Scenario 2",4.02788831884315,4.19557506491318,4.36326181098321,4.53094855705324,4.69863530312326,5.21474404397243,5.7308527848216,5.77021641260037,5.80958004037914,5.84894366815791,5.96597669421045,6.08300972026298,6.95144392933353,7.24799690282809,7.54454987632265,NA,NA,NA,NA,NA
74,4,2,"Doyenne","Scenario 2",3.29504153350701,3.50906559483371,4.28088056580318,4.32393841865092,4.65947726473405,5.20126068338143,5.35571736719747,6.14631780346009,6.16846648663503,6.19061516980997,6.6533570300276,7.24694614765575,7.81654677911183,8.38614741056792,8.52755606177249,8.66896471297706,8.79399490521738,8.9190250974577,9.01069170538216,9.95849346943426
75,4,2,"Doyenne","Scenario 2",3.59984423083323,3.7473263239133,3.89480841699337,4.08792885952898,4.28104930206458,4.64319321352852,4.83149311284655,4.92302310635097,NA,NA,NA,NA,NA,NA,NA,NA,NA,NA,NA,NA
76,4,2,"Doyenne","Scenario 2",3.1356573272107,3.7853796351738,3.82746789720403,4.79492181672718,4.97568073548443,5.15643965424169,5.31237877282435,5.46831789140702,5.61675065867837,5.79949696325067,5.98224326782298,6.38262205390798,6.76039259540911,7.17546620759228,7.59053981977546,7.8056099394741,8.02068005917274,8.04314320770651,8.54889228453314,8.58016089113312
77,4,2,"Doyenne","Scenario 2",3.57546673212356,3.77633774784291,4.51583570963547,4.52556899217123,4.89311703272865,5.45837303365735,6.02362903458606,6.14076362434751,6.25789821410897,6.37503280387042,6.42352610701641,7.30050620109975,7.80391373065166,8.01722527301294,8.23053681537422,8.45292573362879,8.95911944906067,9.46531316449255,9.46531316449255,9.46531316449255
78,4,2,"Doyenne","Scenario 2",4.00678217127542,4.22431685657343,4.35242392882043,4.58824233389505,4.6399283868643,5.15911417328627,5.20605199945511,5.4230139340348,5.63997586861449,5.90988246608683,6.30950102721296,6.65697725576639,6.8053676247271,7.52723781540624,7.79586560130867,8.0644933872111,8.35255942528904,8.64062546336698,8.64418024867019,9.29427501028781
79,4,2,"Doyenne","Scenario 2",3.41393227278206,3.46208441022213,4.37653071956053,4.41589021581884,NA,NA,NA,NA,NA,NA,NA,NA,NA,NA,NA,NA,NA,NA,NA,NA
80,4,2,"Doyenne","Scenario 2",3.13817849565909,3.18404732953094,4.22148770458135,4.24054970081635,4.86697941582517,4.98072309726035,5.09446677869553,5.20821046013071,5.32195414156589,5.45694938653154,5.94245955774999,6.42796972896844,6.93259891217553,7.07355959425056,7.21452027632559,7.35548095840062,7.4886242195368,8.10172046613468,8.10172046613468,8.10172046613468
81,4,2,"Doyenne","Scenario 2",3.28449286287742,3.81110178696075,4.2800535211843,4.67416672712325,5.0682799330622,NA,NA,NA,NA,NA,NA,NA,NA,NA,NA,NA,NA,NA,NA,NA
82,4,2,"Doyenne","Scenario 2",3.43550625167775,3.64660262000888,3.8019675424049,4.14525783573855,4.84778962700659,4.94379253394048,5.03979544087438,5.69850060390151,5.96045113502694,6.10642541509354,6.38086802837061,6.44469755554788,6.60674446683688,6.85186744225836,7.21727133743043,7.57827992447088,7.71697742355966,8.20808921277618,8.69920100199269,8.81106874644033
83,4,2,"Doyenne","Scenario 2",3.43165376733388,3.86602850384757,3.95477526687889,4.04352202991021,4.48561062086124,4.56156808539357,5.09278017826838,5.5505150622808,6.17811912863083,6.30841053268142,6.65178930546529,6.99516807824916,7.19592708606175,7.39668609387434,7.56055423359423,7.72442237331412,7.88829051303401,8.1901704274055,8.72300403875991,8.72300403875991
84,4,2,"Doyenne","Scenario 2",3.59565473054509,4.58459360612328,4.74165636323091,4.89871912033854,5.21282764340115,5.56598921619548,5.90887252497362,6.25175583375176,6.35750653966782,6.46325724558387,7.08194774157031,7.41724394737214,7.5843043344525,7.75136472153285,7.94680539268309,8.36290729409269,8.8288991620499,8.93235844128005,9.03581772051019,9.45109217376076
85,4,2,"Doyenne","Scenario 2",3.40807451359344,4.12015592223853,4.40295794978077,4.68575997732301,4.96856200486526,5.04451058443218,5.1204591639991,5.55291965686723,6.08142188246871,6.46491317020333,6.53825929091747,6.8829283206339,7.45107537869796,7.54422790246676,7.63738042623557,8.11551742016104,8.65866497848258,9.18442761932233,9.18442761932233,9.18442761932233
86,4,2,"Doyenne","Scenario 2",3.24979355969169,3.78039150139415,4.39741410588187,4.60793051037058,4.8184469148593,5.23295753356959,5.39886213623058,5.59517942599243,6.40419530621793,6.6696097815666,6.93502425691527,7.027092572905,7.83345139682059,7.88815516066136,7.94285892450213,7.99756268834289,8.50463154012582,8.69675201852736,9.4515267925118,9.4515267925118
87,4,2,"Doyenne","Scenario 2",3.32463609193052,3.95002743549359,3.96577781278118,4.22926586295979,4.50904032266476,4.85287328149219,5.19670624031963,5.76535162619811,5.79491291989251,6.08081667317889,6.33845297017457,7.31782734437962,7.34580238878166,7.3737774331837,8.27490444360591,8.82360784443599,9.12513943139585,9.42667101835571,9.72820260531557,9.72820260531557
88,4,2,"Doyenne","Scenario 2",3.62867524230981,3.75070590285098,4.1413074498413,4.53190899683162,4.84710947630187,5.53299185892622,5.72168312428395,5.91037438964167,6.24538537884296,6.34387524606451,6.94274963409258,7.06743610080884,7.1921225675251,7.88200059180455,8.46706618019647,8.59012614749683,8.7131861147972,8.83624608209756,9.21939037373808,9.21939037373808
89,4,2,"Doyenne","Scenario 2",3.19680955815652,3.41727687491549,3.95716757909828,4.49705828328107,4.66460644701438,4.8321546107477,4.99970277448101,5.56604756500272,6.00917193163943,6.45229629827614,6.53432169625983,6.61634709424352,7.42141581657204,7.53282483374041,7.64423385090877,7.75564286807713,7.98001661993275,8.24766404697305,8.72294606648486,8.7539466771762
90,4,2,"Doyenne","Scenario 2",3.22741319711229,3.56982449622388,4.16540508232656,4.44752534224217,4.72964560215778,5.23676618490052,5.24192571173044,5.54660085263876,5.85127599354708,6.41110344679718,6.57084408929283,6.75307610726326,6.93530812523369,7.52850211924045,7.83849064071593,8.14847916219142,8.25021714148366,8.88068865527555,9.09859496979337,9.72457323351851
91,4,2,"Doyenne","Scenario 2",3.91170973946558,4.16279080391501,4.41387186836444,4.66495293281387,4.95310488352446,5.27100314967038,5.5889014158163,5.73290426103058,6.12300936941628,6.5878093600821,7.16799392939175,7.25224504040526,7.33649615141878,7.50806923827009,7.67964232512141,8.3241658251479,8.5355744102788,8.56405688001733,8.87355004871612,9.18304321741491
92,4,2,"Doyenne","Scenario 2",3.82588208037384,3.87309148006297,3.92030087975211,3.96751027944125,5.19732195947937,5.39721643007651,5.59711090067365,5.79700537127079,5.83226204255977,5.86751871384874,6.1634295562012,6.82844766848762,6.87657172457362,6.92469578065963,7.29113250175834,7.58095547458,8.24582072138016,NA,NA,NA
93,5,3,"Conference","Scenario 3",3.63452820564512,4.10765966889653,4.75132590782198,4.99983083174119,5.2483357556604,5.56649612202875,5.8846564883971,6.03161527585082,6.16594136691115,6.30026745797149,6.82735163227569,7.11450333058259,7.40858816185499,7.47873839694763,8.1145923064316,8.42780913089598,8.74102595536036,8.86941670905293,9.0029743822688,9.11521242824304
94,5,3,"Conference","Scenario 3",4.07759750320776,4.26447297421627,4.47956459245774,4.834136161588,4.94536695199774,5.05659774240747,5.60793807503201,6.00939056088419,6.39297628847516,6.62836356040438,6.86375083233359,6.91800138045751,7.85754930158883,8.07265975824068,8.28777021489252,8.32609815715712,8.36442609942171,9.29271733953305,9.35735816041454,9.42199898129603
95,5,3,"Conference","Scenario 3",3.6118444693076,4.30378814472914,4.51875973502258,4.7208271590809,5.31053357072941,5.58351547404467,5.8422189251443,6.10092237624394,6.48777750260281,6.94041061536811,7.3930437281334,7.78537958693378,8.17771544573417,8.22346821782178,8.26922098990939,8.314973761997,9.08965735933654,9.21616893037041,9.34268050140427,10.135360828662
96,5,3,"Conference","Scenario 3",3.82694891758367,4.21818707305564,4.82189396578336,5.02035863026622,5.08115704091219,5.29141990759744,6.3603916976864,6.49242614268225,6.75402294250438,7.0156197423265,7.27721654214862,7.40200407513619,7.49323202943599,8.13718063178222,9.05384032851713,9.13628183846185,9.21872334840657,9.30116485835129,9.49863447043829,10.0311350015123
97,5,3,"Conference","Scenario 3",3.81783983975925,4.49294846777165,4.58962139904564,4.59522401777159,5.10642059757053,5.33283652719779,5.35765219580316,6.31907975769596,6.59121658509415,6.99295295240293,7.24130127913528,7.75372889338648,7.81618357310237,7.87863825281826,7.93813092748406,8.32504368782178,9.08949943554731,9.39051862198062,9.69153780841392,9.7553457390854
98,5,3,"Conference","Scenario 3",3.59483671322041,4.3347597178995,4.76878479857203,4.88521230196803,5.00163980536403,5.31253744914912,5.62343509293421,5.88666732380615,6.05543123824721,6.90633503573064,7.31679271246659,7.77957668652271,8.24236066057883,8.41733929249399,8.59231792440916,8.68129668566647,8.77027544692377,8.85925420818108,9.42256387302248,9.42256387302248
99,5,3,"Conference","Scenario 3",4.58115146261579,4.7475322323846,4.91391300215341,5.08029377192221,5.3087091075405,6.14365825186366,6.1623239172944,6.18098958272514,6.19965524815588,7.16111830329425,7.57614047465825,7.85378065836931,8.13142084208036,8.40906102579142,9.09648564712866,9.11805085927691,9.13961607142516,9.1611812835734,9.29117429458443,9.70321791458837
100,5,3,"Conference","Scenario 3",3.98210578103464,4.04197216859467,4.08830908601494,4.13579779610981,5.16365214901125,5.41232089440936,5.8339329305312,6.0115413835487,6.18914983656619,6.49272025710435,6.73761276207436,6.98250526704437,7.26710053111673,7.61944714764277,7.97179376416881,8.15822195396613,8.34465014376346,9.13455985392079,9.13455985392079,9.13455985392079
101,5,3,"Conference","Scenario 3",4.68885462304148,4.75120523599496,4.81355584894844,4.87590646190192,5.10291471106763,5.79902532822764,6.19493931153144,6.36038335900263,6.52582740647381,7.21401652062308,7.47610943141548,7.8445117798084,8.08447073159256,8.14725482761101,8.21003892362947,8.27282301964793,8.84538553449537,9.11883412325131,9.38205530787945,10.4301577984437
102,5,3,"Conference","Scenario 3",4.17730770622473,4.37449750039918,4.73678392329507,5.27779688140613,5.75429404258004,6.23079120375394,6.36467594936293,6.49856069497192,6.63244544058091,8.06557513608244,8.23743272766652,8.40929031925061,8.5811479108347,8.72132368297058,8.86149945510647,9.04497395425234,9.22844845339821,9.61607223006504,9.9736663070605,10.2786400621533
103,5,3,"Conference","Scenario 3",4.04531062871478,4.25245514495275,4.64877787534648,4.92698099508527,5.2982189245579,5.7966967148187,6.01071514638429,6.22473357794987,6.36178416252878,6.74945109479526,7.26434523525005,7.44294617988797,7.62154712452588,7.80014806916379,8.34324754785047,9.02456694727998,9.70588634670949,9.9773489226991,10.2488114986887,10.5202740746783
104,5,3,"Conference","Scenario 3",4.21888268429494,4.29240911215611,4.36593554001727,4.76061077741113,4.83552497302663,5.34560326247261,5.56469965424913,6.14658364472813,6.49684647040658,6.56405131182688,6.98118735697364,7.3983234021204,7.63276192918952,7.86720045625864,7.8690806153509,7.87096077444317,8.38746379980372,8.74217900636652,9.09689421292932,9.09689421292932
105,5,3,"Conference","Scenario 3",4.13706878558222,4.18474692140774,4.65725408205223,4.91850698026884,5.17975987848546,5.44101277670207,5.70226567491868,5.85902122176926,6.01577676861984,6.17253231547042,6.36715556176881,6.56177880806721,7.16889137732033,7.36327445948099,7.55765754164164,8.03785177700787,8.19011736786844,8.52449017281981,8.70528122011557,8.70528122011557
106,5,3,"Conference","Scenario 3",3.51290813462578,4.71214314573914,4.99964267335267,5.2871422009662,5.70835501724491,6.12956783352363,6.21875951833605,6.30064527027475,6.43145060048308,7.15389677397598,7.54058982809615,7.77786537438023,8.0151409206643,8.54432736679437,8.6358373507996,8.72734733480482,9.16984904435086,10.0016128518095,10.1794240705475,10.1794240705475
107,5,3,"Conference","Scenario 3",3.99937227670415,4.14384733220288,4.8719633761393,5.37490789174791,5.38240919546033,5.38991049917275,5.39741180288516,6.10358281998536,6.35702936387998,6.6104759077746,7.12322805243238,7.46901712950929,7.8148062065862,8.37217667288846,8.63905500756569,8.90593334224291,9.17281167692014,9.21806927177497,9.26332686662981,9.5412412095732
108,5,3,"Conference","Scenario 3",4.12093143010021,4.1387028021468,4.33702418158672,4.52997315207374,5.17966305882175,5.43513761635318,5.84045431832016,6.87757495322623,7.14614747623645,7.41471999924667,7.46308592648807,7.51145185372948,7.55981778097089,8.22989367180287,8.74795487682862,9.45688245075006,9.46665063253154,9.47641881431302,9.48618699609451,9.99228333298777
109,5,3,"Conference","Scenario 3",3.60876320643594,4.07355905732866,4.51833792680944,4.78618657020621,5.08951870745946,5.87673581656345,6.12554188027719,6.37434794399092,6.62315400770465,6.77965495124061,6.93615589477657,7.51641555847452,7.6131329309818,8.37422899433663,8.52239175389778,8.67055451345892,8.91028629062765,9.41123259867372,9.449286922959,9.87413233614957
110,5,3,"Conference","Scenario 3",4.35924327956965,4.62576846815494,4.89229365674023,5.02655623711672,5.16081881749321,5.25386558382523,5.34691235015724,6.18733362194003,6.92158713116304,6.96187093748918,7.00215474381532,7.16038077010718,7.53257400893849,8.02378863398682,8.18151650507896,8.3392443761711,8.499070740582,8.80059901701682,8.82282876133578,9.62363305752083
111,5,3,"Conference","Scenario 3",3.65616302103193,4.55349619455026,4.81589084669805,4.99021680728465,5.31176400718168,5.48528221883349,5.92451336220815,6.3637445055828,6.76272628119924,6.80580389025915,7.83463187440711,7.87122282004124,7.90781376567538,7.94440471130952,8.44933553691177,8.90144231240485,8.96392424666999,9.27473387985202,9.73765051670721,9.94710199669108
112,5,3,"Conference","Scenario 3",4.39591426197703,4.67619944003906,4.73761709810888,4.7990347561787,5.07418979257383,5.207262844988,6.42916540520821,6.56535362365774,6.70154184210728,6.70950172000506,7.29456266638211,7.38049095693125,7.46641924748038,7.63350252086274,7.75434511437231,9.53746661573343,9.5428314601117,9.54819630448997,10.3074242329481,10.3074242329481
113,5,3,"Conference","Scenario 3",4.28531445800489,4.48752195425525,4.68972945050561,4.89193694675597,5.03286024463085,5.17378354250572,5.82272619952751,6.61036392597722,6.64557908994599,6.68079425391476,6.71600941788353,6.75122458185231,7.63406800282236,7.80364099005814,7.87851366170853,8.28202058763983,8.2933531379984,8.30468568835697,9.56799951894185,9.56799951894185
114,5,3,"Conference","Scenario 3",3.92125042118714,4.14518374190252,4.36911706261791,5.22574720683323,5.4164192255295,5.60709124422578,5.79776326292205,6.30266182926727,6.42007924632389,6.84758856993234,7.14847807506481,7.31673591333837,8.12257312917994,8.25748392943374,8.39239472968754,8.93207164164122,9.14298746573845,9.49021760208857,9.83744773843868,9.83744773843868
115,5,3,"Conference","Scenario 3",3.40618218282991,3.98941186333277,4.34757048940447,4.86228242486605,NA,NA,NA,NA,NA,NA,NA,NA,NA,NA,NA,NA,NA,NA,NA,NA
116,5,3,"Conference","Scenario 3",4.16146669276375,4.24537897897271,4.78825903223576,5.02993043075601,5.41355544275973,5.79718045476345,6.15054591582395,6.23927516512718,6.25691286127115,6.85543182765782,7.13193442228104,7.61555881510716,7.97952342374725,8.34348803238734,8.4197592387343,8.69125356517125,8.9627478916082,9.16798711430206,9.37322633699591,9.62322076326863
117,5,3,"Conference","Scenario 3",3.90898399749581,4.40196649751006,4.6865473994791,4.97112830144813,5.25570920341716,5.27401626664885,5.82756124935106,6.45862293728202,6.66693856461817,6.99494511964103,7.12713707607347,7.58408921636833,8.04104135666319,8.13161853982714,8.34160852825619,8.55159851668524,9.00879707635116,9.06261410428846,9.11643113222577,9.80181279919602
118,5,3,"Conference","Scenario 3",3.7868504854816,3.95972935747832,4.51810755595608,4.91708018886706,5.39873802321554,5.48399020459549,5.66548237249323,5.85068634836187,6.518803705771,7.18692106318014,7.24092212120776,7.29492317923538,7.348924237263,7.40292529529062,8.18336537773015,8.60837721913897,9.0818816230217,9.21889140052436,9.70971531541497,9.70971531541497
119,5,3,"Conference","Scenario 3",4.15407666078326,4.19887208251696,4.24366750425066,4.64720801066139,5.13554323674409,5.17409924456125,6.11031760210909,6.17738137215166,6.33901923810756,7.2623766276437,7.27058622857427,7.73800996680066,8.20543370502704,8.25647264848594,9.18061051927543,9.29663532614728,9.41266013301912,9.74221246852454,9.78692231874389,10.023362195235
120,5,3,"Conference","Scenario 3",4.08001663298696,4.60161603416722,4.84902913963643,5.09644224510563,5.34385535057484,5.45560147392982,6.35787091989482,6.46942943452498,6.58098794915515,6.84783998941644,7.37544943982919,7.50611436272122,8.47093218649058,8.6059065739162,8.74088096134184,8.87585534876747,9.0108297361931,9.40512706986537,10.2803991618107,10.6437570396748
121,6,3,"Doyenne","Scenario 3",3.2411984548178,3.5107096878224,4.63222571712191,4.71034356216688,4.78846140721185,4.86657925225682,4.94469709730179,5.02281494234677,5.89828894603834,6.02044659438367,6.142604242729,6.60861829855364,7.07463235437827,7.11407025440832,7.15350815443836,7.4537109366959,7.75391371895342,7.89137423592284,8.11057365918306,8.32977308244327
122,6,3,"Doyenne","Scenario 3",2.85648674050908,3.78013515219713,4.06415693333949,4.34817871448185,4.63220049562421,4.63455285442981,4.63690521323542,4.63925757204102,5.12882082848723,5.50018720845448,5.53312724128796,5.56606727412143,5.70605330197168,6.40988978803584,7.33038658956287,7.34589820852273,7.3614098274826,7.74779588530685,7.74779588530685,7.74779588530685
123,6,3,"Doyenne","Scenario 3",3.24866729849076,3.52973367937715,3.81080006026353,4.26907765252465,4.56290059706631,4.74179192326673,5.34772549082911,5.55216282724303,5.84022296598776,6.12828310473249,6.40589927872332,6.68351545271415,6.96113162670498,7.2013742558341,7.26732802033771,7.33328178484133,7.39923554934495,7.91373184894987,7.9716916246619,8.44075956911242
124,6,3,"Doyenne","Scenario 3",2.91731594629823,3.43722436938539,3.48786547996172,3.69399396921677,4.65668331084337,4.68041981706005,4.70415632327673,5.33859273132991,5.60762824731912,5.87666376330832,5.98566835140778,6.02806963945305,6.58157602111485,6.72637999148499,7.0810427454092,7.32536430225086,7.56968585909252,8.10633723825347,8.28165840985163,8.51617492011407
125,6,3,"Doyenne","Scenario 3",3.102858868201,3.39073722851722,3.78313253776335,3.88152119424456,3.97996277455386,4.57341307165143,4.93986653345862,5.30631999526581,5.31607015825878,5.45658065731525,5.59847045630763,5.99390802682152,6.16473450248727,6.23153624389353,6.82864547538508,6.85926366106925,6.88988184675343,6.9205000324376,6.95111821812177,7.3973286268975
126,6,3,"Doyenne","Scenario 3",3.66569652849502,3.75240063462642,3.83910474075781,4.33772641954942,4.5323365553808,4.60530391645403,4.67827127752725,4.75123863860047,5.11486356692229,5.42537851547692,5.54773979744509,6.4872875997451,6.54033969466007,6.59339178957504,6.64644388449001,6.69949597940498,7.53842785584502,7.74892244287527,7.74892244287527,7.74892244287527
127,6,3,"Doyenne","Scenario 3",3.80228117873547,3.81093726480186,3.81959335086824,4.60428108321771,4.76023970621007,4.91619832920243,5.07215695219478,5.22811557518714,5.36405656215152,5.49999754911589,5.63593853608027,6.09717557028738,6.25273266142129,6.40828975255519,6.74055962242174,7.33935023179996,7.40061029285154,7.46187035390311,7.59288156041917,7.72389276693523
128,6,3,"Doyenne","Scenario 3",3.61356470569773,3.85799607986648,4.15640206421764,4.45480804856879,4.56924325005205,4.6836784515353,4.87125822368132,5.05883799582733,5.286189736021,5.36625349534791,5.7928047850885,6.21935607482909,6.51390802855288,6.63531671225049,6.7567253959481,7.20211797719126,7.46254732235058,7.7229766675099,8.429248347044,8.429248347044
129,6,3,"Doyenne","Scenario 3",3.25714401511487,3.27245212281172,3.86647150815958,4.0603760850184,4.40271766470842,5.0705697258987,5.14791959230214,5.22526945870558,5.23918576430973,5.42243596609436,5.60568616787899,6.24323323070525,6.70616047846186,7.17971449038062,7.23928435767893,7.29885422497723,7.35842409227554,7.41799395957384,7.49346613293236,7.56241315233727
130,6,3,"Doyenne","Scenario 3",3.70490558026242,3.78038049084018,3.85585540141795,4.26687923759201,4.39145707157925,4.51603490556648,4.8241344511529,5.13223399673932,5.65347952193865,5.771910151973,5.83420481891902,5.84778623256024,6.03529908592894,NA,NA,NA,NA,NA,NA,NA
131,6,3,"Doyenne","Scenario 3",3.70032459850762,3.75274176052086,3.8051589225341,4.35200710936947,4.39383060024389,5.11479602124353,5.33056115962209,5.54632629800066,5.76209143637922,6.11255648835985,6.46302154034048,6.50768236198927,6.58240714018657,6.60443607635499,7.59291967222513,7.68996074139701,7.77807453744122,7.86618833348543,8.18174303667329,8.46103703335118
132,6,3,"Doyenne","Scenario 3",3.50008809457967,3.57238750926813,3.63458421503272,4.0080521167194,4.38152001840607,4.47188425086119,4.5622484833163,5.03481847923494,5.19007669861794,5.73263513831893,5.84715849994149,6.16335971346653,6.47956092699156,6.54891383446264,6.85947772006524,7.17004160566784,7.17263328040787,7.17522495514791,7.30085142279675,7.956253242815
133,6,3,"Doyenne","Scenario 3",3.58713560845103,3.71864552658412,4.06737748779085,4.26408894130699,4.74180227085979,5.21951560041259,5.39272505021168,5.56593450001077,5.73914394980986,6.03614880942528,6.33315366904069,6.48867038138017,6.64418709371964,6.73156399808305,6.79318530189736,6.85480660571166,7.30692430914468,7.44465114456147,8.21021065208436,8.7031815659141
134,6,3,"Doyenne","Scenario 3",3.28752690920995,3.56204117498721,3.57004632673776,3.86790180836174,4.67564902109818,4.79092722142881,4.90620542175943,4.97257697976723,5.03894853777504,5.49658539188197,5.98220579795822,6.14692517000465,6.52499783823475,6.65942087018376,6.77716417848291,7.36169134478154,7.44220339340304,7.52271544202454,7.90667831520915,8.29064118839375
135,6,3,"Doyenne","Scenario 3",3.07201714035617,3.79854266245503,3.9841666338426,4.16979060523016,4.35935160773887,4.54891261024758,4.69872850935894,4.80442368675262,5.51501427135834,5.73128590470848,5.94755753805862,6.19960971144033,6.45166188482204,6.70371405820376,7.29841759180746,7.31827261476249,7.33812763771752,7.35798266067256,7.37783768362759,7.79206619640249
136,6,3,"Doyenne","Scenario 3",4.01620446239476,4.04211791687972,4.06803137136468,4.09394482584965,4.11985828033461,4.71065925480561,4.74366646912921,5.41717533483763,5.68336436102074,5.94955338720384,6.07673286141272,6.20391233562159,6.33109180983047,6.45827128403935,7.04589226597728,7.08273688304452,7.11958150011176,7.50491910278993,7.64157211059288,8.07425510268658
137,6,3,"Doyenne","Scenario 3",3.36124929874482,3.61909787897637,3.97619268268583,4.61605283766585,4.73183803749949,4.84762323733313,4.96340843716677,5.07669575638745,5.12137776610892,5.66217609632217,6.07476290303131,6.29395487559085,6.41764004815627,6.68412052441582,6.95060100067537,7.79152156370933,7.79657449694435,7.80162743017936,8.38440497178096,8.38440497178096
138,6,3,"Doyenne","Scenario 3",3.31166437444954,3.84821164202667,3.85151925810778,3.9862959241764,4.18551358007004,4.38473123596369,4.57925807193038,4.98330463276593,5.34775930617365,5.69283661655755,6.03791392694144,6.16994329824567,6.32056396280125,6.40612309516475,6.5208789053653,6.63563471556585,6.86424652454646,7.30308572958686,NA,NA
139,6,3,"Doyenne","Scenario 3",3.20678958486123,3.72008349231159,3.89469898853167,4.06822727638089,4.41702178083336,4.422175948864,4.78103225858665,5.27154442418188,5.28944646916798,5.30734851415408,5.90333560568537,6.45040358828379,6.81133998636064,7.17227638443749,7.53321278251434,7.54873382764837,7.5642548727824,7.57977591791643,7.59529696305045,8.21649363091609
140,6,3,"Doyenne","Scenario 3",3.02974057498443,3.46840007234245,3.85231582295932,3.92667538044873,4.36321932653382,4.58649595798514,5.00423827548975,NA,NA,NA,NA,NA,NA,NA,NA,NA,NA,NA,NA,NA
141,6,3,"Doyenne","Scenario 3",2.68303631634132,3.6555685175968,3.78177593155288,3.90798334550896,4.01132816986274,4.11467299421651,4.34828229203911,4.58189158986171,4.63817215858066,5.51732809644307,5.52319711345189,5.5290661304607,5.70514120269911,5.71868168418924,6.13182131744419,6.44710245450274,6.76238359156129,6.8585743940173,6.95476519647332,6.96960972379373
142,6,3,"Doyenne","Scenario 3",3.19003171659351,3.81080454731848,3.91481235387809,4.31709507517437,4.80836049864671,5.17105730345681,5.5902147883308,5.83262773050796,6.07504067268513,6.31745361486229,6.34288706281418,6.42291604437426,6.50294502593435,6.89795902624237,7.14714629686147,7.71535072650479,7.9863317191257,7.99906187422759,8.08988421937864,8.69866278946308
143,7,4,"Conference","Scenario 4",3.59856616149738,4.38068744034676,4.55755600909975,4.73442457785274,4.90066423501914,5.54111825430529,5.62097976074537,5.70084126718546,6.23154070096755,6.72796967137769,7.07018042977745,7.32504372461843,7.57990701945941,7.83477031430039,7.90095042031481,7.96713052632923,8.10296036468858,8.98495894320443,9.27742583770974,9.56989273221504
144,7,4,"Conference","Scenario 4",3.69857784448082,3.7767057620749,4.19824550469615,NA,NA,NA,NA,NA,NA,NA,NA,NA,NA,NA,NA,NA,NA,NA,NA,NA
145,7,4,"Conference","Scenario 4",3.69936895885401,4.24015995178208,4.24239769297503,4.73513021097269,5.22786272897035,5.32020833464776,5.41255394032517,5.50489954600257,5.78576747357055,6.17749379179228,6.48384426314728,6.64749121522772,6.74663425119659,7.79160519579914,7.99811954468216,8.49041067941193,8.49671811687954,8.50302555434715,8.50933299181476,8.72988650910258
146,7,4,"Conference","Scenario 4",3.7395328689632,4.20088229245694,4.66223171595068,4.76612998318303,4.82588453147975,5.46120369000711,5.59273237870564,6.1362725574877,6.38931615613261,6.42645834394411,6.86009787660911,7.1888093622755,7.51752084794189,7.82637262863736,8.13522440933283,8.4440761900283,8.73729255533934,9.03050892065039,9.2831173789736,9.53572583729681
147,7,4,"Conference","Scenario 4",3.6289855263543,3.81555616066657,3.95997600270236,4.77299878748543,5.40949378085702,5.67946137312662,5.94942896539621,6.09846549595991,6.28464416422123,6.47082283248256,6.65700150074388,6.81237650694824,6.9677515131526,7.20023349900443,7.43271548485625,7.93612754048072,8.35604411642186,8.49951604769269,8.64298797896352,9.16945746542386
148,7,4,"Conference","Scenario 4",3.42852262346927,3.87631021294059,4.04321088230298,4.5191327271542,4.84710362627708,4.98154067868652,NA,NA,NA,NA,NA,NA,NA,NA,NA,NA,NA,NA,NA,NA
149,7,4,"Conference","Scenario 4",3.83941816325035,4.14444779299515,4.29637066962108,4.88451424394032,4.94790759672074,5.79261946823812,5.86595459774311,5.9392897272481,6.01262485675309,6.16760787473037,6.51265218326644,6.75559900184865,7.07433696010941,7.39307491837017,7.74895099816082,8.10482707795147,8.24433176693033,8.3838364559092,8.74995164623386,9.11823008381645
150,7,4,"Conference","Scenario 4",3.85739872198941,4.20741488528637,4.35798086140692,4.7700056831075,5.10936258762931,5.71385832692465,5.76367802589933,5.86719726985915,6.44928600457065,6.82174733504503,6.92880717076807,7.0358670064911,7.55665123946403,7.86948912032841,8.18232700119278,8.44053489694611,8.66282691295086,8.8851189289556,9.09674280669179,9.24920058851843
151,7,4,"Conference","Scenario 4",3.80931588972462,4.01667600274836,4.2240361157721,5.04691250847022,5.22626450134296,5.57173980150939,5.91721510167582,6.25088958172363,6.3358236139561,6.69415480908187,6.84528856021695,7.59520410899904,7.82270306945382,8.05020202990861,8.27770099036339,8.47209738526894,8.4769406654849,8.85901813724693,9.19131825286898,9.66634627884651
152,7,4,"Conference","Scenario 4",3.89535520543476,3.95525754014637,4.58653369522406,4.62421394574467,4.66189419626528,4.94242560702414,5.13001927347709,5.93278729971206,6.2973874470996,6.65507031973082,7.01275319236204,7.11987915989958,7.34606036807136,7.57224157624313,8.45892714538614,8.47148843213389,8.48404971888165,8.57430078316192,8.66455184744219,9.13437589530903
153,7,4,"Conference","Scenario 4",4.12105282294293,4.22605621056403,4.33105959818514,4.39610179336485,4.44956863845021,5.3394584148109,5.47129496820236,6.10106919056308,6.10379233267894,6.35031642328582,7.25634347398671,7.60375932792189,7.95117518185706,8.13812230804218,8.43681275915683,8.73550321027147,9.03419366138611,9.19195451089443,9.34971536040275,10.11185983869
154,7,4,"Conference","Scenario 4",3.74245778829526,4.5511698324965,4.63828935671099,4.72540888092549,4.81252840513998,5.40352458791391,5.52681384932064,5.69263289445688,5.82335249952423,5.95407210459157,6.19519244130772,6.66394908411544,6.68397690266889,7.49032483243437,7.70898110557174,7.81137408480354,8.32248717262192,8.49562766746959,8.75914941858257,8.75914941858257
155,7,4,"Conference","Scenario 4",4.11568853177424,4.40669552707356,4.69770252237289,NA,NA,NA,NA,NA,NA,NA,NA,NA,NA,NA,NA,NA,NA,NA,NA,NA
156,7,4,"Conference","Scenario 4",3.71433634532958,4.2626821396774,4.64894380378194,4.9476499029147,5.08086139600137,5.21407288908804,6.2704813077838,6.2931245466682,6.31576778555259,6.33841102443699,6.81072072172344,7.20147446601042,7.52861165639883,7.85574884678724,8.73516169896802,8.86444425751486,8.9937268160617,9.05198389783867,9.11024097961565,9.4538333061835
157,7,4,"Conference","Scenario 4",4.12498300937649,4.17307175652425,4.22116050367201,4.26924925081977,5.14876446936454,5.3384320292333,5.46081949199799,5.80027393305178,5.94836949018284,6.4627308748075,7.16891998719678,7.27652988732769,7.3841397874586,7.49174968758951,7.59935958772042,8.23854859800012,8.35845395956852,8.47835932113693,8.5091079330169,9.02161327850419
158,7,4,"Conference","Scenario 4",4.29221184237304,4.39072102415309,4.48923020593315,4.86046279592076,5.46399779405868,5.69951029494969,5.94924401303911,6.1175060744274,6.2857681358157,6.45403019720399,6.5973544878806,6.7406787785572,7.11083195748186,7.54873266408281,7.63462170910937,7.72051075413592,7.85780191650141,7.90836574823383,8.96276905709378,9.11865629695161
159,7,4,"Conference","Scenario 4",4.01970327241246,4.43165790433933,4.84361253626621,4.90542138989871,4.96723024353121,5.02903909716371,5.14410615745005,5.25917321773639,5.5453435942405,5.76799834169572,6.23474912701963,6.66486246791721,7.27221492686879,7.33713462902368,7.5731066011284,7.80907857323311,7.89671426716326,7.98434996109341,9.0626662949754,9.0626662949754
160,7,4,"Conference","Scenario 4",4.14317303606258,4.28166150372742,4.38728245827297,4.50911457026889,4.76562090858603,4.93543793744586,5.1052549663057,5.81856512260222,6.01675133914702,6.21493755569182,7.06952021481139,7.23659758989843,7.40367496498546,7.59900343002992,7.79433189507437,8.03269158630482,8.27105127753528,8.57686439420753,8.62835045748433,8.75730092243554
161,7,4,"Conference","Scenario 4",4.25986512930968,4.39062633750543,4.44180059902008,4.57385867186027,5.10895829783888,NA,NA,NA,NA,NA,NA,NA,NA,NA,NA,NA,NA,NA,NA,NA
162,7,4,"Conference","Scenario 4",3.88473054511464,4.72008438844389,4.9661953945263,5.21230640060871,5.63542959398542,5.66564688838108,5.69586418277675,6.24910037535914,6.80233656794154,6.83843452922455,6.87453249050757,6.91063045179059,7.49659735924741,7.929720008962,8.05179748869647,8.17387496843094,8.78139602202141,9.10925255715657,9.17421502732092,9.23917749748527
163,7,4,"Conference","Scenario 4",3.68951040541635,4.74728994117231,4.8005989254981,4.8539079098239,4.90721689414969,5.35346257572018,5.50364002165431,5.76476583336926,6.02316228072171,6.40408042006818,7.06494551586397,7.72581061165977,7.87841141688996,7.96144099802396,8.04447057915795,8.30457163323482,8.56467268731168,8.64096584705414,9.19675060656522,9.19675060656522
164,7,4,"Conference","Scenario 4",3.71638717299983,3.91589934529766,4.54798838375919,4.68453066910859,4.82107295445799,4.9593872988032,5.60769741351926,6.26857625814318,6.30930942427262,6.35004259040207,6.39077575653151,6.67270760682377,7.84531088214273,7.89089051853057,7.93647015491841,7.98204979130626,8.41639123849504,8.85073268568382,8.85073268568382,8.85073268568382
165,7,4,"Conference","Scenario 4",3.67132226755695,4.15128485686941,4.2554501463512,4.82362585381373,5.39180156127626,5.55731060739616,5.72281965351606,5.88832869963595,6.01623801801781,6.18758398358731,6.47118889546693,6.75479380734655,6.8939927524002,7.16851952991276,7.44304630742533,7.64548335570021,8.12124117968449,8.25934674460913,8.39745230953377,8.87579721371912
166,7,4,"Conference","Scenario 4",3.92539952059168,4.13749709966046,4.34959467872923,4.47270032031652,4.59580596190381,4.7189116034911,5.55976793769297,5.71809674678009,5.87642555586721,6.13470453649586,6.52682276455892,6.62731403967713,7.42910153071265,7.88354876189778,8.33799599308291,8.40570617722422,8.47341636136552,8.54112654550682,8.86719112181715,9.07786079137395
167,7,4,"Conference","Scenario 4",3.46233932279554,3.78877752826386,4.55771769199744,5.03486131194576,5.06251162702145,5.09016194209715,5.80076185218377,6.13334472975759,6.5073540792293,6.58756244313691,6.798868285262,7.56254201244001,7.60304453345609,7.64354705447217,7.68404957548825,7.79396196077882,8.77274642506035,8.92075745744144,9.06876848982253,9.21677952220363
168,7,4,"Conference","Scenario 4",4.00469095033347,4.33606122942573,4.46239773714742,4.5887342448691,4.74942092841992,5.5388179800703,5.568710538602,6.28580717524069,6.55189321174416,6.62622510446791,6.70055699719166,6.95253552598824,7.15117801488608,7.25998404532462,7.64985811325753,8.07252965622819,8.27979290134011,8.48705614645202,8.49215798793786,8.89395743033997
169,7,4,"Conference","Scenario 4",4.02619002657505,4.04775280140106,4.06931557622707,5.06680127072694,5.2481275859879,5.42945390124887,5.61078021650983,6.09956508464166,6.28736211431719,6.47515914399272,6.79866990967521,7.24800641427568,7.36493283765478,7.48185926103387,7.59878568441297,8.45061342846781,8.45949915309629,8.60653418625423,8.69621248100399,9.17189235208637
170,7,4,"Conference","Scenario 4",3.6416036463625,3.96541792257526,4.13206998174729,4.58648602415936,5.51690768020091,5.51969850649917,5.52248933279743,5.52528015909569,5.76090903669938,6.13794567470627,6.18347027190158,6.72095044747745,7.05122956061151,7.38150867374557,7.56964465561234,7.7577806374791,7.94591661934587,8.09496646795132,8.24401631655678,8.39306616516223
171,8,4,"Doyenne","Scenario 4",3.35338016610351,3.75041432600587,4.14744848590823,4.41922413580248,4.69099978569673,4.96277543559099,5.23455108548524,5.28177907109058,5.32900705669591,5.37623504230124,5.42346302790657,5.68125435446763,5.69682345098586,6.08274949069505,6.14494530870053,6.20714112670601,6.63483917251639,7.05599503410544,7.47715089569448,7.47715089569448
172,8,4,"Doyenne","Scenario 4",3.18439999590114,3.5227881628616,3.93768749457823,3.99438863247419,4.06981574895491,4.14524286543564,4.56601811249223,4.82426137089411,5.43018026754259,5.52643822185415,5.62269617616571,5.71895413047728,6.23920157942201,6.35119201795267,6.67776557059064,7.00433912322861,7.26858337493085,7.81626503050505,7.92838777070013,8.04051051089521
173,8,4,"Doyenne","Scenario 4",2.48275181464533,3.15688807925213,3.63356264795013,4.03383598798491,4.43410932801969,4.97633662135527,4.9850103461042,5.18626560198604,5.35325919447545,5.52025278696487,5.87845690602931,6.17318188529999,6.46790686457068,6.67499129676417,6.88207572895765,7.02031817408185,7.15856061920605,7.73687639030424,8.08200193414998,8.42712747799572
174,8,4,"Doyenne","Scenario 4",3.03663524576268,3.22270246319281,3.30023824993401,3.643288920618,4.42510533859399,4.74121474510716,4.84978036117093,4.9583459772347,5.0880755305474,5.21780508386009,5.41942593507309,5.62104678628609,6.3164143444675,6.40617079774595,6.53318426101647,6.660197724287,6.87615284321363,7.65395390730879,7.65395390730879,7.65395390730879
175,8,4,"Doyenne","Scenario 4",2.78023992332968,3.30395726987447,3.53613962425845,4.07253539371801,4.55701751375606,4.66646882084081,4.85457879731471,5.04268877378861,5.13314669426946,5.22360461475031,5.92929816846108,5.94138195582287,5.95346574318467,6.52903385329582,6.70950214449727,6.97742005027914,7.10475051106883,7.23208097185853,7.62189819117329,7.62684596840797
176,8,4,"Doyenne","Scenario 4",2.84921970253757,3.37713220165437,3.64649431073874,3.75656327418906,3.83107053617061,4.50309433817656,4.58791579563767,4.67273725309878,4.75755871055988,4.99358112716678,5.51382209879566,5.65229969366541,5.79077728853516,6.18233293985599,6.84503081993729,6.99831518574769,7.15159955155809,7.30488391736849,7.30488391736849,7.30488391736849
177,8,4,"Doyenne","Scenario 4",3.6203920020566,3.74550239775162,3.87061279344664,3.99572318914166,4.22594321243008,4.45616323571849,4.6863832590069,4.9238174479631,5.1612516369193,5.49344126333103,5.80265986880245,6.11187847427387,6.42109707974529,6.58834747073002,6.78249417504943,6.97664087936884,7.3787065249564,7.56220199460034,7.73761495391507,7.73761495391507
178,8,4,"Doyenne","Scenario 4",3.64673057494862,3.94290163887479,4.23907270280097,4.30201618653964,4.36495967027831,4.42790315401698,4.71844689444244,5.05248114455725,5.34744080383213,5.642400463107,6.03184284867305,6.10580796429151,6.17977307990997,6.96727040196671,7.06385502098224,7.16043963999777,7.2570242590133,7.33980620381745,7.42258814862159,7.43776950889035
179,8,4,"Doyenne","Scenario 4",3.15141772512112,3.41635874469171,3.55224537272884,4.02519599323568,4.25835452004535,4.53599551091336,4.60003691155075,4.95096006378019,5.28994610717365,5.5026768779109,5.57963696750508,5.92942476608735,6.27921256466962,6.32356653148434,6.5088897866911,6.56281457939671,7.42621619899322,7.62487657979595,7.82353696059868,7.82353696059868
180,8,4,"Doyenne","Scenario 4",2.76229685904741,3.38124462638906,3.95190995068403,3.99944756992804,4.25348086367558,4.50751415742311,4.84478454971182,5.18205494200052,5.42730608239458,5.51222326372792,5.63178478525743,5.75134630678693,6.20331643189425,6.62887177666805,6.8922882944908,7.15570481231355,7.16863621410631,7.45815683389159,7.58748746132377,7.58748746132377
181,8,4,"Doyenne","Scenario 4",3.11833193592066,3.41322244631924,3.68717778308813,4.56065770218446,4.63703775993704,4.71341781768963,4.78979787544221,4.98247729184639,5.17515670825057,5.45206617133453,5.6882397545621,5.80847637381287,6.10958076203914,6.82517046339968,6.82638516521659,6.85095512990613,6.87552509459567,6.90009505928521,7.24871787410543,8.15428160421139
182,8,4,"Doyenne","Scenario 4",3.63545165634266,3.64584057624065,3.65622949613864,4.30240441550834,4.60516007111732,4.90791572672629,5.09068492276206,5.27345411879783,5.4562233148336,5.67574631958961,5.79640334505857,5.91706037052754,6.03771739599651,6.44066047469034,7.16318599452215,7.47875407434969,7.66340704099765,7.8480600076456,8.15343590826456,8.45881180888352
183,8,4,"Doyenne","Scenario 4",3.14157739945447,3.28897967554494,4.10560062645438,4.3544512943213,4.60330196218822,4.85215263005514,5.18454944987961,5.27113111212245,5.35771277436528,5.54518761752385,5.73266246068241,5.92013730384098,6.11134291597822,6.30254852811547,6.7115486877396,6.98725208713506,7.1877613304446,7.42714163733037,7.43173012607064,7.43631861481092
184,8,4,"Doyenne","Scenario 4",3.5528171009993,3.62214727870424,4.17561183816411,4.37481187839022,4.57401191861633,4.77321195884244,4.97241199906854,5.18681479094105,5.5036013343016,5.71040463277046,5.91720793123931,6.22480760634481,6.25663644965989,6.62054323490803,7.08102102543505,7.38220711318773,7.73492493273929,8.16572610296783,8.16870956057802,8.17169301818822
185,8,4,"Doyenne","Scenario 4",3.50457299637963,3.61464722037405,3.72472144436848,3.8347956683629,4.0242345632949,4.74270803763172,4.8368496539211,4.93099127021048,5.13589550762196,5.34079974503345,5.62084068716635,5.90088162929925,6.69866878720245,6.81793883730912,6.93720888741579,7.07501849676717,7.21282810611856,7.35063771546994,7.65019447234654,7.96571605502851
186,8,4,"Doyenne","Scenario 4",2.75013091631872,3.33525092598793,3.57839306615268,3.82153520631743,4.21397109148803,4.21639115935296,5.33474486180917,5.3381416452618,5.34153842871444,5.34493521216708,5.34833199561971,5.35172877907235,5.81727966816725,6.12038648487543,6.4234933015836,6.47436870743858,6.66568644827832,6.75601881909909,7.09698863850606,7.31456809397913
187,8,4,"Doyenne","Scenario 4",3.1224221930877,3.60050941500632,4.07859663692494,4.35238658860331,4.62617654028167,4.89996649196003,5.08782279402026,5.27567909608049,5.46353539814071,5.65139170020094,5.75939739190019,5.86740308359944,5.97540877529868,6.08341446699793,6.32679246518431,6.41562686242377,6.50446125966323,6.6846200898759,6.86477892008856,7.3458582409658
188,8,4,"Doyenne","Scenario 4",3.08935028224186,3.24456171485495,3.39977314746804,3.80105591878853,4.20233869010901,4.40649846145843,4.61065823280784,4.84155121469543,5.07244419658301,5.18398309946771,5.29552200235241,5.4070609052371,5.9654609616179,6.00107534998149,6.03668973834509,6.04663686544267,6.05658399254025,6.74142796509296,6.91352775926082,7.08562755342869
189,8,4,"Doyenne","Scenario 4",3.03660234351746,3.27063552185989,3.6455408535781,3.78259552454377,3.79033645958811,5.13973160322002,5.20651703110038,5.27330245898074,5.3400878868611,5.40687331474145,5.45289501501424,5.92454126992981,6.4027287524411,6.88091623495238,7.03467584812014,7.18843546128791,7.37445922841436,7.56048299554081,7.74650676266727,8.3315498998319
190,8,4,"Doyenne","Scenario 4",3.19192882414637,3.31327557544267,3.78398782177374,4.07286959431846,4.36175136686318,4.520399370703,4.67904737454283,4.99319870605067,5.16826913511176,5.40737739492482,6.12857165846674,6.14510646129422,6.16164126412169,6.17817606694917,6.73132927763701,6.79639975854596,6.86147023945491,7.10892961110275,7.35638898275059,7.59460240527746
191,8,4,"Doyenne","Scenario 4",2.86552306429975,3.39407273567348,3.56296435469436,3.73185597371525,4.04193515528016,4.31088698362486,4.47593727108442,4.64098755854399,4.84928395573558,5.05758035292717,5.07312466497543,5.66380576669864,5.66956338742655,5.97104028240558,6.6274295980579,6.67463114544969,6.72183269284147,7.05093983539313,7.3337737276546,7.61660761991607
192,8,4,"Doyenne","Scenario 4",2.74582949908284,3.50798637495233,3.79446314773568,3.96097124480798,4.12747934188029,4.64235486586169,4.9343132492645,5.22627163266731,5.51823001607012,6.11013452496394,6.19204400602333,6.27395348708271,6.3558629681421,6.68805029736459,7.02023762658708,7.13066131863721,7.24108501068734,7.35150870273747,7.51456145534112,7.9169420540956
